BrandName,Descrpition,Current_P,MRP,Discount%
Roadster,Men Skinny Save Water Jeans, 849, 1699,50% OFF
HIGHLANDER,Men Tapered Fit Jeans, 1044, 1899,45% OFF
Jack & Jones,Men Slim Fit Jeans, 2249, 4999,55% OFF
Red Tape,Men Skinny Fit Jeans, 1504, 4299,65% OFF
Red Tape,Men Skinny Fit Jeans, 1504, 4299,65% OFF
Roadster,Men Time Travlr Skinny Fit Jeans, 899, 1799,50% OFF
HIGHLANDER,Men Tapered Fit Jeans, 899, 1499,40% OFF
Roadster,Men Super Skinny Fit Jeans, 849, 1699,50% OFF
U.S. Polo Assn. Denim Co.,Men Slim Fit Jeans, 2379, 3399,30% OFF
Roadster,Men Skinny Fit Jeans, 959, 1599,40% OFF
WROGN,Men Skinny Fit Jeans, 1559, 2599,40% OFF
HERE&NOW,Men Slim Tapered Fit Jeans, 919, 2299,60% OFF
LOCOMOTIVE,Men Skinny Fit Jeans, 999, 2499,60% OFF
Flying Machine,Men Slim Fit Jeans, 2299,2299,NaN
Roadster,Men Skinny Fit Jeans, 849, 1699,50% OFF
LOCOMOTIVE,Men Tapered Fit Jeans, 1249, 2499,50% OFF
Mast & Harbour,Men Skinny Fit Jeans, 1019, 1699,40% OFF
LOCOMOTIVE,Men Tapered Fit Jeans, 999, 2499,60% OFF
Jack & Jones,Men Slim Fit Jeans, 5499,5499,NaN
LOCOMOTIVE,Men Tapered Fit Jeans, 1249, 2499,50% OFF
Flying Machine,Men Skinny Fit Jeans, 2999,2999,NaN
Roadster,Skinny Fit Stretchable Jeans, 849, 1699,50% OFF
LOCOMOTIVE,Men Slim Fit Jeans, 1249, 2499,50% OFF
WROGN,Men Slim Fit Jeans, 1799, 2999,40% OFF
Roadster,Super Skinny Fit Cropped Jeans, 1019, 1699,40% OFF
LOCOMOTIVE,Men Slim Fit Jeans, 1249, 2499,50% OFF
WROGN,Men Jogger Jeans, 1559, 2599,40% OFF
Roadster,Men Skinny Fit Jeans, 779, 1299,40% OFF
LOCOMOTIVE,Men Tapered Fit Jeans, 899, 2499,64% OFF
HERE&NOW,Men Slim Fit Jeans, 1319, 2199,40% OFF
Roadster,Men Skinny Fit Jeans, 849, 1699,50% OFF
WROGN,Men Slim Fit Jeans, 1559, 2599,40% OFF
Roadster,Men Regular Fit Jeans, 1699,1699,NaN
Jack & Jones,Men Ben Skinny Fit Jeans, 3499,3499,NaN
LOCOMOTIVE,Men Tapered Fit Jeans, 999, 2499,60% OFF
U.S. Polo Assn. Denim Co.,Men Slim Fit Jeans, 2519, 3599,30% OFF
Roadster,Men Skinny Fit Jeans, 779, 1299,40% OFF
U.S. Polo Assn. Denim Co.,Men Skinny Fit Jeans, 1699, 3399,50% OFF
Roadster,Men Skinny Fit Jeans, 849, 1699,50% OFF
Jack & Jones,Men Skinny Fit Jeans, 4999,4999,NaN
